Objective_Function,Minutes
4148.951219512195,5
4050.272357723577,5
4262.0818815331,5
3972.06968641115,5
4177.5818815331,5
3969.451219512195,10
3959.7073170731705,10
3904.439024390244,10
4150.906556857776,10
3986.1951219512193,10
3863.7195121951218,15
4079.623693379791,15
3755.9634146341464,15
3965.951219512195,15
4217.0818815331,15
4157.837979094076,20
3896.7073170731705,20
3874.350174216028,20
4025.5940766550525,20
3775.7073170731705,20
