Objective Function, Minutes
1355.7169971695007,5
1515.139810703482,5
1379.7923173241109,5
1447.1262461293695,5
1423.169540761988,5
1411.0914766740016,10
1347.478282117018,10
1328.1221598662628,10
1475.3689632260498,10
1420.7895696375692,10
1301.3216626062213,15
1365.5837320762269,15
1291.439258994898,15
1511.174236601475,15
1352.4380247001689,15
1343.403529225417,20
1301.6221598662628,20
1295.049272614002,20
1361.9050922832157,20
1465.974199345744,20
