Objective_Function,Minutes
1356.6392713649316,5
1276.6722037818847,5
1342.228850447748,5
1419.607919046594,5
1332.1626915558497,5
1247.5228579819307,10
1259.5544518223185,10
1326.727356966708,10
1283.925210654737,10
1302.3270434984584,10
1270.5456045625456,15
1239.5624356956318,15
1311.4105230080434,15
1272.8166768632134,15
1337.6513614121243,15
1455.1463645008907,20
1264.8892713649316,20
1294.3371250529606,20
1279.9581430716898,20
1233.5104960340293,20
