Objective_Function,Minutes
3247.14024742908,5
3230.6921450519576,5
3084.5119337356746,5
3255.5776985228767,5
3071.5687456586575,5
3212.3954774365557,10
2958.85504097956,10
3119.9470193192915,10
3033.5513333604404,10
2960.76291102992,10
3164.355908533059,15
3342.411206766631,15
3009.7095966333945,15
3059.573474391567,15
3106.1342944603534,15
3124.31448776416,20
2999.507251701836,20
3052.776044238175,20
3020.119186333564,20
3094.61311345907,20
