Objective Function, Minutes
3435.026132404181,5
3190.728222996516,5
3105.5853658536585,5
3164.3475609756097,5
3169.3475609756097,5
3166.3536585365855,10
3083.4756097560976,10
3164.9843205574916,10
3171.9695121951218,10
3217.2317073170734,10
3256.0390326862453,15
3232.990418118467,15
3150.2195121951218,15
3130.9756097560976,15
3165.4817073170734,15
3193.4431422236303,20
3135.502613240418,20
3129.4756097560976,20
3084.752613240418,20
3057.362369337979,20
