Objective Function, Minutes
3279.0727757480004,5
3336.6476745334253,5
3333.366742371877,5
3326.6486619926923,5
3294.349560580626,5
3330.7903623975512,10
3266.535828313749,10
3263.31728861639,10
3269.5249643256143,10
3293.208188439254,10
3166.4057470129355,15
3314.7908909786884,15
3406.5110101708306,15
3279.965555625376,15
3222.3004777312626,15
3310.1066456008693,20
3166.9210381101198,20
3259.7407919423326,20
3146.0398933543997,20
3400.631973931075,20
