Objective Function, Minutes
1112.3063029020557,5
1065.8427297460703,5
1049.4313029020557,5
1181.96772974607,5
1051.1502418379687,5
1058.7802297460703,10
1062.3873726032132,10
1101.8248726032132,10
1092.9607146667615,10
989.5563029020557,10
1288.96772974607,15
1129.9503609787325,15
1116.207376058041,15
952.7802297460702,15
905.6552297460702,15
1027.5927297460703,20
1012.4677297460702,20
1004.4677297460702,20
1025.082376058041,20
1045.4052297460703,20
