Objective_Function,Minutes
1570.894800483676,5
1426.6792623941958,5
1413.0814069279465,5
1423.7327474520644,5
1432.6402502913545,5
1349.3364570737606,10
1320.3257255139056,10
1423.1854594921404,10
1552.7398730350665,10
1326.155532043531,10
1388.030532043531,15
1382.2585532399175,15
1492.3104594921404,15
1348.4970659364108,15
1344.0220677146312,15
1281.030532043531,20
1325.0604594921404,20
1454.5604594921404,20
1393.7327474520644,20
1273.6984582829505,20
