Objective Function, Total Coverage Contribution, Total Doctor Target Contribution, Total Preference Contribution
3937.125,895,2866.125,176.0
4113.434523809524,945,2984.625,183.80952380952374
3852.4556010928964,915,2770.625,166.83060109289625
3952.152777777778,870,2874.375,207.7777777777777
3920.912162162162,965,2791.75,164.16216216216216
3855.0,875,2804.0,176.0
3853.4556010928964,830,2860.625,162.83060109289625
