Instance,Total Coverage Contribution,Total Doctor Target Contribution,Total Preference Contribution
dep2-Baseline, 450,522.625,116.46753246753254
dep2-Baseline, 450,522.625,116.46753246753254
dep2-Baseline, 450,522.625,116.46753246753254
dep2-Baseline, 450,522.625,116.46753246753254
dep2-Baseline, 450,522.625,116.46753246753254
