Instance,Total Coverage Contribution,Total Doctor Target Contribution,Total Preference Contribution
department1_baseline,1135,1040.8855721393033,197.8479532163742
department1_baseline,1220,1018.0497512437812,160.0
department1_baseline,1200,1016.3084577114429,180.0
department1_baseline,1250,966.676616915423,257.3015873015872
department1_baseline,1125,1062.995024875622,180.0
