Objective Function, Total Coverage Contribution, Total Doctor Target Contribution, Total Preference Contribution
1053.875,420,581.875,52.0,461.875
1194.1875,530,612.1875,52.0,472.1875
1062.75,420,578.75,64.0,458.75
1199.125,485,650.125,64.0,478.125
1114.8125,450,612.8125,52.0,472.8125
1051.892857142857,380,578.75,93.14285714285712,458.75
1093.875,460,581.875,52.0,461.875
